Nome_Produto,Categoria_Produto,Total_Produtos_Vendidos,Total_Categoria_Vendida,Lucro_Total
"Lâmpada 956","Casa e Jardim",1809,149160,-175128.67
"Cadeira 924",Móveis,1805,142063,-509415.6
"Jogo de tabuleiro 622",Brinquedos,1796,157064,-578477.66
"Arroz 164",Alimentos,1793,135868,-282869.04
"Notebook 257",Eletrônicos,1779,134599,-223973.37
"Jaqueta 609",Roupas,1776,158263,-370468.35
"Carrinho 302",Brinquedos,1769,157064,-258676.07
"Carne 290",Alimentos,1768,135868,118819.72
"Maquiagem 621",Beleza,1752,148734,-426100.69
"Mesa 556",Móveis,1749,142063,-331140.03
"Arroz 810",Alimentos,1742,135868,-35735.29
"Bicicleta 263",Brinquedos,1734,157064,80397.84
"Guarda-roupa 374",Móveis,1731,142063,-322313.19
"Sapato 381",Roupas,1729,158263,-137852.5
"Biografia 509",Livros,1729,190052,-29968.73
"Ficção Científica 656",Livros,1723,190052,10014
"Ficção Científica 474",Livros,1723,190052,-487062.86
"Vaso de planta 502","Casa e Jardim",1722,149160,-182564.93
"Smartphone 663",Eletrônicos,1719,134599,-392170.79
"Arroz 552",Alimentos,1719,135868,132163.79
"Furadeira 370",Ferramentas,1719,133253,-293230.87
"Cortina 262","Casa e Jardim",1717,149160,23275.93
"Smartphone 690",Eletrônicos,1709,134599,72826.87
"Frango 773",Alimentos,1704,135868,-325498.79
"Jogo de ferramentas 713","Casa e Jardim",1704,149160,18892.5
"Tapete 534","Casa e Jardim",1703,149160,-249982.71
"Vestido 785",Roupas,1698,158263,-285478.36
"Smartphone 816",Eletrônicos,1697,134599,-491743.64
"Skate 924",Esportes,1697,144928,-381366.53
"História 644",Livros,1697,190052,-523137.5
"Lâmpada 920","Casa e Jardim",1692,149160,-79036.92
"Jogo de ferramentas 506","Casa e Jardim",1691,149160,-294204.16
"Smartphone 289",Eletrônicos,1691,134599,-447050.6
"Tapete 217","Casa e Jardim",1690,149160,-204483.8
"Cadeira 974",Móveis,1689,142063,-256688.24
"Jogo de ferramentas 892","Casa e Jardim",1688,149160,-424417.31
"Chave de fenda 453",Ferramentas,1688,133253,-437815.24
"Carrinho 176",Brinquedos,1687,157064,-130750.37
"Fone de ouvido 927",Eletrônicos,1686,134599,-171618.32
"Carrinho 844",Brinquedos,1686,157064,-571073.74
"Bola de futebol 107",Esportes,1683,144928,-501664.33
"Martelo 364",Ferramentas,1681,133253,-264831.39
"Boneca 736",Brinquedos,1681,157064,-367146.39
"Raquete de tênis 915",Esportes,1681,144928,-359171.46
"Camiseta 723",Roupas,1680,158263,-106925.92
"Sapato 198",Roupas,1680,158263,-349481.51
"Sofá 995",Móveis,1679,142063,-343779.02
"Martelo 245",Ferramentas,1678,133253,-120221.28
"Ficção Científica 930",Livros,1678,190052,142333.33
"Bicicleta 309",Brinquedos,1678,157064,-351642.19
"Romance 115",Livros,1671,190052,-612359.59
"Bola de futebol 538",Esportes,1670,144928,-56276.8
"Cama 523",Móveis,1670,142063,-537316.3
"Boneca 906",Brinquedos,1668,157064,-561720.6
"Camiseta 833",Roupas,1665,158263,142255.97
"Biografia 413",Livros,1664,190052,-338214.1
"Martelo 243",Ferramentas,1660,133253,125965.76
"Jaqueta 478",Roupas,1659,158263,11144.28
"Bola 332",Brinquedos,1659,157064,-567562.03
"Creme hidratante 829",Beleza,1658,148734,-318602.36
"Shampoo 891",Beleza,1656,148734,-548856.89
"Ficção Científica 537",Livros,1656,190052,-121775.33
"Arroz 936",Alimentos,1656,135868,23498.26
"Biografia 682",Livros,1654,190052,-64881.52
"Tênis de corrida 655",Esportes,1653,144928,-416025.72
"Skate 365",Esportes,1652,144928,-174012.96
"Perfume 255",Beleza,1652,148734,-620920.7
"Ficção Científica 764",Livros,1651,190052,-522263.08
"Sapato 929",Roupas,1647,158263,-220489.04
"Sapato 296",Roupas,1647,158263,-22749.32
"Raquete de tênis 871",Esportes,1646,144928,-249173.67
"Furadeira 106",Ferramentas,1645,133253,-30780.66
"Cadeira 812",Móveis,1644,142063,-586428.89
"Carne 213",Alimentos,1643,135868,149399.51
"Guarda-roupa 271",Móveis,1641,142063,-404925.97
"Sofá 488",Móveis,1641,142063,67484.13
"Condicionador 444",Beleza,1640,148734,-569208.44
"Camiseta 536",Roupas,1640,158263,-141755.25
"Fone de ouvido 531",Eletrônicos,1640,134599,-25297.84
"Camiseta 373",Roupas,1639,158263,-598276.13
"Cortina 914","Casa e Jardim",1638,149160,-113875.41
"Guarda-roupa 928",Móveis,1638,142063,-487443.32
"Mesa 972",Móveis,1638,142063,-182686.55
"Maquiagem 277",Beleza,1638,148734,-422221
"Frango 462",Alimentos,1636,135868,-125140.3
"Mesa 704",Móveis,1635,142063,-199296.63
"Romance 473",Livros,1635,190052,-485652.02
"Camisa de time 679",Esportes,1633,144928,-542538.45
"Maquiagem 349",Beleza,1632,148734,22049.99
"Carrinho 928",Brinquedos,1630,157064,-496363.01
"Alicate 263",Ferramentas,1629,133253,-403581.63
"Biografia 889",Livros,1628,190052,-537542.71
"Cadeira 794",Móveis,1628,142063,-606942.21
"Vestido 730",Roupas,1627,158263,-400446.43
"Jaqueta 286",Roupas,1627,158263,-532149.92
"Ficção Científica 232",Livros,1627,190052,-266312.4
"Vestido 352",Roupas,1627,158263,-227045.69
"Maquiagem 831",Beleza,1626,148734,-530024.65
"Perfume 619",Beleza,1626,148734,-117554.54
"Martelo 155",Ferramentas,1625,133253,-121987.45
"Creme hidratante 151",Beleza,1623,148734,30445.17
"Biografia 962",Livros,1622,190052,-67029.58
"Ficção Científica 447",Livros,1621,190052,124218.86
"Camiseta 526",Roupas,1621,158263,-382727.91
"Ficção Científica 625",Livros,1620,190052,150982.62
"Raquete de tênis 466",Esportes,1620,144928,-532311.83
"Romance 974",Livros,1620,190052,-410928.04
"Bicicleta 186",Brinquedos,1619,157064,101422.04
"Infantil 542",Livros,1619,190052,-424262.85
"Perfume 617",Beleza,1618,148734,-385839.52
"Creme hidratante 340",Beleza,1616,148734,128633.83
"Guarda-roupa 235",Móveis,1616,142063,-154470.31
"Cama 434",Móveis,1616,142063,-413314.34
"Shampoo 942",Beleza,1615,148734,-373094.53
"Biografia 448",Livros,1614,190052,-186585.2
"Chave de fenda 808",Ferramentas,1613,133253,-296319.01
"Tênis de corrida 953",Esportes,1611,144928,-36624.57
"Chave de fenda 719",Ferramentas,1611,133253,-17393.65
"Alicate 695",Ferramentas,1611,133253,-391146.84
"Maquiagem 105",Beleza,1610,148734,-98944.43
"Vaso de planta 937","Casa e Jardim",1610,149160,-375576.22
"TV 282",Eletrônicos,1609,134599,-127082.56
"Camiseta 488",Roupas,1609,158263,-527166.12
"TV 536",Eletrônicos,1609,134599,-206979.22
"TV 873",Eletrônicos,1608,134599,-631004.77
"Cadeira 711",Móveis,1608,142063,-190777.97
"Perfume 518",Beleza,1607,148734,-107591.19
"Skate 654",Esportes,1607,144928,-328417.3
"Infantil 725",Livros,1606,190052,-55893.9
"Creme hidratante 497",Beleza,1605,148734,-395453.13
"Ficção Científica 516",Livros,1605,190052,86087.19
"Alicate 832",Ferramentas,1604,133253,-66680.14
"Calça 531",Roupas,1603,158263,-441327.15
"Creme hidratante 624",Beleza,1603,148734,66304.99
"Chave de fenda 232",Ferramentas,1603,133253,-610592.68
"Ficção Científica 331",Livros,1603,190052,-120816.57
"TV 713",Eletrônicos,1602,134599,43336.81
"Jogo de tabuleiro 185",Brinquedos,1601,157064,-365663.79
"Serra 518",Ferramentas,1601,133253,-487259.67
"Furadeira 990",Ferramentas,1601,133253,131737.44
"Alicate 797",Ferramentas,1600,133253,-510503.85
"TV 438",Eletrônicos,1600,134599,-562681.01
"Bicicleta 184",Brinquedos,1600,157064,-509777.67
"Camisa de time 578",Esportes,1600,144928,88062
"Cortina 948","Casa e Jardim",1600,149160,-546368.37
"Vaso de planta 376","Casa e Jardim",1599,149160,-59181.86
"Mesa 906",Móveis,1599,142063,-529727.01
"História 571",Livros,1597,190052,-514903.21
"Bicicleta 566",Brinquedos,1597,157064,-351366.63
"Bicicleta 670",Brinquedos,1597,157064,-154826.27
"Chave de fenda 188",Ferramentas,1597,133253,-389072.33
"Shampoo 921",Beleza,1596,148734,-386332.24
"Tênis de corrida 227",Esportes,1596,144928,-481787.55
"Feijão 434",Alimentos,1595,135868,-220885.55
"Jaqueta 160",Roupas,1594,158263,-432425.55
"Feijão 433",Alimentos,1594,135868,-268578.19
"Lâmpada 692","Casa e Jardim",1594,149160,85165.01
"Perfume 303",Beleza,1594,148734,-79800.81
"Maquiagem 184",Beleza,1594,148734,-91362.7
"Skate 116",Esportes,1594,144928,-527665.03
"Jogo de ferramentas 659","Casa e Jardim",1593,149160,-435479.12
"Camiseta 554",Roupas,1593,158263,128831.08
"Biografia 645",Livros,1593,190052,-110726.27
"Jogo de ferramentas 999","Casa e Jardim",1593,149160,-537274.88
"Jaqueta 754",Roupas,1593,158263,80900.6
"Sapato 478",Roupas,1593,158263,-135164.86
"Romance 682",Livros,1591,190052,-271135.95
"Ficção Científica 975",Livros,1591,190052,-57697.98
"História 488",Livros,1591,190052,-69979.86
"Chave de fenda 531",Ferramentas,1591,133253,-21163.74
"Jogo de tabuleiro 298",Brinquedos,1590,157064,-406698.52
"Lâmpada 581","Casa e Jardim",1589,149160,133126.04
"Macarrão 760",Alimentos,1589,135868,-108449.36
"Perfume 779",Beleza,1589,148734,76992.21
"Sofá 392",Móveis,1588,142063,-308903.62
"Bola de futebol 141",Esportes,1588,144928,-253924.31
"Jaqueta 723",Roupas,1587,158263,-417474.59
"Furadeira 442",Ferramentas,1587,133253,139481.3
"Jogo de tabuleiro 243",Brinquedos,1587,157064,-154228.25
"Cortina 895","Casa e Jardim",1587,149160,-215754.62
"História 369",Livros,1587,190052,-485447.84
"Feijão 855",Alimentos,1586,135868,-438089.27
"Tapete 220","Casa e Jardim",1586,149160,-584560.26
"Vestido 780",Roupas,1586,158263,-198714.21
"Bicicleta 165",Brinquedos,1585,157064,-293419.43
"Notebook 333",Eletrônicos,1585,134599,-123542.51
"Martelo 988",Ferramentas,1585,133253,100764.92
"TV 952",Eletrônicos,1584,134599,-71813.15
"Infantil 698",Livros,1584,190052,-323194.63
"Creme hidratante 310",Beleza,1583,148734,-116613.51
"Carrinho 771",Brinquedos,1582,157064,-442731.67
"Infantil 337",Livros,1582,190052,-132167.12
"Perfume 805",Beleza,1582,148734,-254693.03
"Mesa 513",Móveis,1581,142063,-388620.39
"Infantil 425",Livros,1581,190052,-163144.76
"Lâmpada 687","Casa e Jardim",1581,149160,37786.32
"Bola de futebol 102",Esportes,1581,144928,57359.27
"Bicicleta 827",Brinquedos,1580,157064,-207186.93
"Romance 467",Livros,1580,190052,590.05
"Guarda-roupa 691",Móveis,1580,142063,-140811.4
"TV 510",Eletrônicos,1579,134599,-122587.82
"Lâmpada 306","Casa e Jardim",1579,149160,-164021.28
"Sofá 825",Móveis,1579,142063,34623.56
"Perfume 184",Beleza,1579,148734,-612958.81
"Perfume 697",Beleza,1578,148734,-107918.02
"Perfume 483",Beleza,1578,148734,124902.33
"Creme hidratante 715",Beleza,1577,148734,-208034.93
"Tapete 535","Casa e Jardim",1576,149160,-145229.14
"TV 893",Eletrônicos,1576,134599,-158165.08
"Chave de fenda 121",Ferramentas,1575,133253,-187291.4
"Jaqueta 674",Roupas,1575,158263,-332317.05
"Camiseta 190",Roupas,1575,158263,-568566.45
"Guarda-roupa 513",Móveis,1574,142063,-595222.82
"Frango 480",Alimentos,1574,135868,-512182.27
"Bola 835",Brinquedos,1574,157064,-224911
"Jaqueta 483",Roupas,1574,158263,-437397.62
"Smartphone 500",Eletrônicos,1574,134599,-309825.13
"Calça 662",Roupas,1573,158263,-172357.44
"Serra 184",Ferramentas,1572,133253,-365309.84
"Carrinho 661",Brinquedos,1572,157064,119631.7
"Biografia 396",Livros,1571,190052,35244.14
"Raquete de tênis 225",Esportes,1571,144928,27573.77
"Jaqueta 732",Roupas,1571,158263,-22144.64
"TV 447",Eletrônicos,1571,134599,-326562.01
"Jaqueta 763",Roupas,1570,158263,-83147.92
"Serra 297",Ferramentas,1570,133253,-226236.1
"Feijão 270",Alimentos,1570,135868,-208641.32
"Câmera 741",Eletrônicos,1569,134599,-4570.93
"Cortina 452","Casa e Jardim",1568,149160,-318575.26
"Lâmpada 623","Casa e Jardim",1568,149160,-412616.55
"Jogo de tabuleiro 559",Brinquedos,1568,157064,-561472.13
"Vestido 764",Roupas,1568,158263,-232478.3
"Frango 770",Alimentos,1568,135868,-237356.57
"Carne 160",Alimentos,1567,135868,-231346.75
"Cortina 496","Casa e Jardim",1567,149160,-37300.71
"Shampoo 673",Beleza,1567,148734,-486468.43
"Feijão 824",Alimentos,1567,135868,104908.61
"Carne 946",Alimentos,1567,135868,-595419.48
"Cama 339",Móveis,1566,142063,8135.38
"Alicate 713",Ferramentas,1566,133253,-156644.57
"Shampoo 657",Beleza,1566,148734,-29261.24
"Notebook 195",Eletrônicos,1565,134599,-550909.56
"Infantil 735",Livros,1564,190052,130231.97
"Cama 290",Móveis,1564,142063,-316691.25
"Guarda-roupa 921",Móveis,1564,142063,-365980.79
"Jogo de tabuleiro 675",Brinquedos,1563,157064,-188170.31
"Romance 839",Livros,1563,190052,-2903.71
"Mesa 359",Móveis,1563,142063,-553348.47
"Jogo de tabuleiro 800",Brinquedos,1563,157064,-265867.66
"Creme hidratante 939",Beleza,1562,148734,-575446.36
"Vaso de planta 941","Casa e Jardim",1562,149160,38820.26
"Bicicleta 793",Brinquedos,1562,157064,123041.52
"Camisa de time 285",Esportes,1561,144928,61797.94
"Sapato 969",Roupas,1561,158263,-252316.16
"Serra 177",Ferramentas,1561,133253,139138.45
"Bicicleta 531",Brinquedos,1561,157064,86821.51
"Guarda-roupa 813",Móveis,1561,142063,-571025.14
"Bicicleta 253",Brinquedos,1561,157064,-71686.41
"Infantil 364",Livros,1560,190052,-336176.95
"Arroz 524",Alimentos,1560,135868,-294392.43
"Biografia 779",Livros,1560,190052,8807.57
"Alicate 897",Ferramentas,1560,133253,-288759.92
"Fone de ouvido 210",Eletrônicos,1560,134599,-471756.6
"Ficção Científica 971",Livros,1560,190052,-370685.53
"Câmera 924",Eletrônicos,1560,134599,-66741.25
"Carne 736",Alimentos,1559,135868,-23856.55
"Calça 885",Roupas,1558,158263,123484.88
"Sapato 546",Roupas,1558,158263,-444210.73
"Infantil 848",Livros,1557,190052,-607510.93
"Câmera 839",Eletrônicos,1557,134599,-140084.47
"Cortina 491","Casa e Jardim",1557,149160,-293052.19
"Sofá 367",Móveis,1557,142063,-189402.79
"Vaso de planta 579","Casa e Jardim",1557,149160,-546503.97
"Infantil 318",Livros,1557,190052,-363226.99
"Creme hidratante 221",Beleza,1556,148734,20370.31
"Bicicleta 131",Brinquedos,1555,157064,-439952.1
"História 962",Livros,1555,190052,-160151.01
"Câmera 718",Eletrônicos,1555,134599,-146908.79
"Jaqueta 971",Roupas,1554,158263,-463976.75
"Camiseta 829",Roupas,1554,158263,-487936.09
"Creme hidratante 255",Beleza,1553,148734,-159859.59
"Tapete 662","Casa e Jardim",1553,149160,-64641.18
"Maquiagem 186",Beleza,1553,148734,-529303.07
"Bicicleta 988",Brinquedos,1553,157064,111512.9
"Frango 557",Alimentos,1553,135868,-103358.7
"Furadeira 834",Ferramentas,1553,133253,84958.47
"Bicicleta 418",Brinquedos,1552,157064,-485804.16
"Ficção Científica 291",Livros,1552,190052,-91325.14
"Camisa de time 547",Esportes,1552,144928,-612504.29
"Infantil 481",Livros,1552,190052,-318511.78
"Bola 458",Brinquedos,1551,157064,-324312.71
"Calça 108",Roupas,1551,158263,-192593.41
"Maquiagem 326",Beleza,1551,148734,-221685.68
"Jogo de tabuleiro 660",Brinquedos,1551,157064,-387245.71
"Carne 969",Alimentos,1550,135868,-200863.62
"Cortina 194","Casa e Jardim",1550,149160,-473764.48
"Macarrão 555",Alimentos,1549,135868,-240304.44
"Smartphone 546",Eletrônicos,1549,134599,48961.91
"Biografia 879",Livros,1549,190052,-499606.01
"Martelo 990",Ferramentas,1548,133253,-427828.03
"Carne 526",Alimentos,1548,135868,-89364.2
"Alicate 340",Ferramentas,1547,133253,-117914.48
"Creme hidratante 348",Beleza,1547,148734,9312.86
"Guarda-roupa 382",Móveis,1547,142063,-310368.86
"TV 148",Eletrônicos,1547,134599,150016.54
"Feijão 126",Alimentos,1546,135868,-371153.94
"Cadeira 625",Móveis,1546,142063,-19872.76
"Biografia 363",Livros,1545,190052,141126.2
"Biografia 912",Livros,1545,190052,-575641.74
"Maquiagem 755",Beleza,1545,148734,-51809.04
"Carne 845",Alimentos,1545,135868,-88200.07
"Feijão 392",Alimentos,1544,135868,-435685.78
"Notebook 211",Eletrônicos,1544,134599,-362393.25
"Feijão 943",Alimentos,1544,135868,-449503.23
"Cortina 772","Casa e Jardim",1544,149160,-109260.39
"Jogo de tabuleiro 909",Brinquedos,1544,157064,-199924.29
"Bola 452",Brinquedos,1544,157064,149451.7
"Tênis de corrida 240",Esportes,1543,144928,-400622.48
"História 953",Livros,1543,190052,-146057.87
"Shampoo 640",Beleza,1543,148734,59813.13
"Tapete 420","Casa e Jardim",1542,149160,-282421.19
"Camisa de time 303",Esportes,1542,144928,-366228.14
"Jogo de ferramentas 374","Casa e Jardim",1542,149160,-169805.45
"TV 841",Eletrônicos,1540,134599,-71235.52
"Mesa 589",Móveis,1540,142063,-4746
"Cadeira 257",Móveis,1540,142063,-203974.83
"Chave de fenda 130",Ferramentas,1539,133253,-349612.11
"Biografia 877",Livros,1539,190052,-175946.19
"Perfume 225",Beleza,1537,148734,-13452.35
"Cadeira 751",Móveis,1537,142063,-320294.13
"Condicionador 627",Beleza,1537,148734,-66458.59
"Cortina 565","Casa e Jardim",1537,149160,114237.1
"Biografia 229",Livros,1537,190052,38521.54
"Shampoo 175",Beleza,1537,148734,-140374.15
"Maquiagem 746",Beleza,1536,148734,-216027.99
"Maquiagem 731",Beleza,1536,148734,-440202.45
"Jogo de tabuleiro 367",Brinquedos,1536,157064,-180713.51
"Ficção Científica 172",Livros,1535,190052,40525.9
"Jogo de ferramentas 396","Casa e Jardim",1535,149160,-216632.82
"Jaqueta 738",Roupas,1534,158263,-461106.44
"Guarda-roupa 133",Móveis,1534,142063,-128792.85
"Mesa 590",Móveis,1534,142063,-468732.63
"TV 227",Eletrônicos,1534,134599,-426078.17
"Serra 146",Ferramentas,1534,133253,-400186.72
"Biografia 192",Livros,1534,190052,-271240.71
"Smartphone 953",Eletrônicos,1533,134599,-428546.51
"Cadeira 810",Móveis,1533,142063,87012.35
"TV 405",Eletrônicos,1533,134599,-438604.34
"Tapete 415","Casa e Jardim",1532,149160,27347.5
"Bola 533",Brinquedos,1532,157064,-15651.98
"Sofá 641",Móveis,1531,142063,-567650.85
"Smartphone 752",Eletrônicos,1531,134599,10184.41
"Vaso de planta 546","Casa e Jardim",1531,149160,-239319.54
"Ficção Científica 497",Livros,1531,190052,112748.13
"Infantil 583",Livros,1530,190052,-60735.86
"Notebook 863",Eletrônicos,1530,134599,93101.13
"TV 351",Eletrônicos,1530,134599,-502918.45
"Cortina 560","Casa e Jardim",1530,149160,-551053.39
"Bola 280",Brinquedos,1529,157064,25905.12
"Frango 798",Alimentos,1529,135868,-585183.05
"Raquete de tênis 317",Esportes,1528,144928,-261871.72
"Cortina 870","Casa e Jardim",1528,149160,87987.75
"Calça 329",Roupas,1528,158263,-3911.95
"Maquiagem 626",Beleza,1527,148734,-563194.53
"Camiseta 753",Roupas,1527,158263,51999.08
"Notebook 381",Eletrônicos,1527,134599,-471152.36
"Bola 530",Brinquedos,1526,157064,-551006.5
"Cadeira 511",Móveis,1526,142063,-122122.8
"Cortina 910","Casa e Jardim",1526,149160,-80803.86
"Maquiagem 566",Beleza,1526,148734,-200531.88
"Boneca 708",Brinquedos,1526,157064,-475554.74
"Macarrão 708",Alimentos,1525,135868,-120952.76
"Tapete 908","Casa e Jardim",1525,149160,-53231.38
"Furadeira 583",Ferramentas,1525,133253,-520720.83
"Camiseta 801",Roupas,1524,158263,-119320.29
"Vestido 383",Roupas,1524,158263,127325.96
"Romance 661",Livros,1524,190052,-585298.14
"Infantil 468",Livros,1523,190052,21572.21
"Sapato 826",Roupas,1523,158263,14149.15
"Bola 924",Brinquedos,1523,157064,-580977.57
"Martelo 781",Ferramentas,1523,133253,127945.65
"Bicicleta 261",Brinquedos,1522,157064,-335989.22
"Cadeira 659",Móveis,1522,142063,-262539.31
"Chave de fenda 794",Ferramentas,1522,133253,35211.86
"Frango 152",Alimentos,1521,135868,140403.7
"Vestido 718",Roupas,1520,158263,-476898.29
"Perfume 265",Beleza,1520,148734,-222160.3
"Lâmpada 127","Casa e Jardim",1520,149160,-442805.34
"Maquiagem 641",Beleza,1520,148734,-429017.06
"Furadeira 633",Ferramentas,1520,133253,90050.89
"TV 799",Eletrônicos,1519,134599,16401.04
"Camiseta 851",Roupas,1519,158263,-307567.88
"Jaqueta 638",Roupas,1519,158263,129371.41
"Vaso de planta 625","Casa e Jardim",1519,149160,-536990.44
"História 305",Livros,1519,190052,-483746.13
"Câmera 519",Eletrônicos,1519,134599,-322747.15
"História 560",Livros,1519,190052,-577120.69
"Notebook 766",Eletrônicos,1518,134599,-213615.5
"Sapato 252",Roupas,1518,158263,70807.32
"Guarda-roupa 466",Móveis,1518,142063,-571585.28
"Cortina 864","Casa e Jardim",1518,149160,-100887.81
"Martelo 631",Ferramentas,1518,133253,-289265.92
"Skate 496",Esportes,1517,144928,-223492.8
"Cadeira 893",Móveis,1517,142063,-516858.88
"Condicionador 269",Beleza,1517,148734,127690.11
"Cama 585",Móveis,1517,142063,-380422.74
"Bola de futebol 397",Esportes,1517,144928,-167043.63
"Romance 718",Livros,1516,190052,148304.64
"Bicicleta 243",Brinquedos,1514,157064,-113616.84
"Lâmpada 992","Casa e Jardim",1514,149160,-339433.26
"Fone de ouvido 508",Eletrônicos,1514,134599,-265873.78
"Frango 220",Alimentos,1514,135868,-334125.53
"TV 480",Eletrônicos,1513,134599,-404584.29
"Bola 910",Brinquedos,1513,157064,132871.75
"TV 522",Eletrônicos,1513,134599,-118041.83
"Infantil 254",Livros,1513,190052,-425496.98
"Camiseta 818",Roupas,1512,158263,69680.59
"Maquiagem 263",Beleza,1511,148734,-308288.46
"Raquete de tênis 230",Esportes,1511,144928,-187096.8
"Feijão 603",Alimentos,1511,135868,-122405.56
"Shampoo 210",Beleza,1511,148734,-483819.01
"Chave de fenda 239",Ferramentas,1511,133253,-237508.6
"Carrinho 576",Brinquedos,1511,157064,-415748.33
"Feijão 259",Alimentos,1510,135868,-269753.69
"Jogo de ferramentas 671","Casa e Jardim",1510,149160,84978.55
"Cortina 100","Casa e Jardim",1510,149160,-79465.32
"Smartphone 819",Eletrônicos,1510,134599,137001.89
"Furadeira 495",Ferramentas,1510,133253,-266656.96
"Tênis de corrida 579",Esportes,1509,144928,-109249.97
"Arroz 495",Alimentos,1509,135868,-243640.35
"Jaqueta 409",Roupas,1509,158263,-550830
"Guarda-roupa 396",Móveis,1508,142063,50839.71
"Arroz 169",Alimentos,1508,135868,-6882.72
"Feijão 661",Alimentos,1508,135868,-103846.05
"Macarrão 777",Alimentos,1508,135868,-229887.81
"Bola de futebol 156",Esportes,1507,144928,-469623.27
"Serra 736",Ferramentas,1507,133253,-234250.63
"Jogo de ferramentas 767","Casa e Jardim",1507,149160,-55825.92
"Raquete de tênis 404",Esportes,1506,144928,-482174.72
"Biografia 478",Livros,1506,190052,-32581.72
"Calça 279",Roupas,1506,158263,-60139.3
"Bola 773",Brinquedos,1506,157064,68287.45
"Furadeira 953",Ferramentas,1505,133253,-73806.77
"Bola de futebol 922",Esportes,1505,144928,-142830.2
"Shampoo 952",Beleza,1505,148734,-129020.28
"Camisa de time 761",Esportes,1505,144928,-100348.58
"Bola de futebol 265",Esportes,1505,144928,-260492.65
"Arroz 778",Alimentos,1504,135868,-134240.11
"Cama 212",Móveis,1504,142063,118737.89
"Serra 665",Ferramentas,1504,133253,137119.77
"Tênis de corrida 885",Esportes,1504,144928,-504345.47
"História 401",Livros,1503,190052,-64657.61
"Maquiagem 955",Beleza,1502,148734,-68489.52
"Alicate 974",Ferramentas,1502,133253,-260462.39
"Camiseta 436",Roupas,1502,158263,-417343.98
"Smartphone 306",Eletrônicos,1501,134599,-11732.78
"Vaso de planta 469","Casa e Jardim",1501,149160,-24558.17
"Vestido 492",Roupas,1501,158263,123432.28
"Jogo de ferramentas 676","Casa e Jardim",1500,149160,-369155.26
"Smartphone 508",Eletrônicos,1500,134599,-410543.85
"Camisa de time 110",Esportes,1500,144928,-47076.33
"Romance 241",Livros,1499,190052,55694.78
"História 197",Livros,1499,190052,-577869.76
"Biografia 601",Livros,1499,190052,-168456.41
"Smartphone 561",Eletrônicos,1499,134599,-320723.14
"Jaqueta 917",Roupas,1499,158263,-585063.12
"Jaqueta 921",Roupas,1499,158263,-251351.89
"Maquiagem 336",Beleza,1499,148734,5757.02
"Cadeira 686",Móveis,1498,142063,-377198.98
"Cama 449",Móveis,1498,142063,-385503.7
"Vestido 337",Roupas,1498,158263,-228126.74
"Infantil 891",Livros,1498,190052,-259485.9
"Raquete de tênis 534",Esportes,1497,144928,-374540.57
"Infantil 730",Livros,1497,190052,-407477.35
"Carrinho 115",Brinquedos,1497,157064,-107065.58
"Sofá 316",Móveis,1497,142063,-270408.2
"Alicate 312",Ferramentas,1497,133253,-73510.05
"TV 253",Eletrônicos,1497,134599,-173050.36
"Alicate 944",Ferramentas,1497,133253,-349349.72
"Bola 946",Brinquedos,1496,157064,-409005.54
"Furadeira 592",Ferramentas,1496,133253,-262618.59
"Biografia 807",Livros,1496,190052,-351680.35
"Infantil 574",Livros,1496,190052,-393117.47
"Ficção Científica 868",Livros,1496,190052,-145138.83
"Infantil 230",Livros,1495,190052,62538.58
"Bola 403",Brinquedos,1495,157064,-167834.45
"História 489",Livros,1495,190052,-155897.26
"Condicionador 391",Beleza,1495,148734,-449345.7
"Bola 755",Brinquedos,1494,157064,-512036.02
"Bola de futebol 282",Esportes,1494,144928,-214099.29
"Fone de ouvido 499",Eletrônicos,1494,134599,-268461.9
"Carne 738",Alimentos,1494,135868,50028.11
"Camisa de time 371",Esportes,1494,144928,-256352.14
"Perfume 660",Beleza,1494,148734,-535816.05
"Chave de fenda 783",Ferramentas,1494,133253,-77120.85
"Vaso de planta 380","Casa e Jardim",1493,149160,-457352.96
"Alicate 689",Ferramentas,1493,133253,-233604.87
"Carne 345",Alimentos,1493,135868,-242347.53
"Bola de futebol 553",Esportes,1493,144928,-576409.92
"Mesa 751",Móveis,1492,142063,-434040.69
"Shampoo 815",Beleza,1492,148734,54056.5
"Perfume 484",Beleza,1492,148734,34545.64
"Biografia 245",Livros,1491,190052,-560845.87
"Câmera 884",Eletrônicos,1491,134599,-76022.29
"Cadeira 231",Móveis,1491,142063,-155998.76
"Chave de fenda 260",Ferramentas,1491,133253,-122438.53
"Shampoo 871",Beleza,1490,148734,-272187.29
"Lâmpada 271","Casa e Jardim",1490,149160,-380249.86
"Frango 835",Alimentos,1490,135868,-352809.43
"Bicicleta 273",Brinquedos,1490,157064,110486.32
"Bola de futebol 420",Esportes,1490,144928,7884.91
"TV 446",Eletrônicos,1490,134599,21859.56
"Condicionador 353",Beleza,1489,148734,-2975.96
"Tênis de corrida 822",Esportes,1489,144928,17459.64
"Raquete de tênis 719",Esportes,1489,144928,-157701.01
"Perfume 794",Beleza,1489,148734,-533318.29
"Infantil 822",Livros,1488,190052,-1865.15
"Camisa de time 843",Esportes,1487,144928,62601.84
"Jaqueta 999",Roupas,1487,158263,-297903.75
"Creme hidratante 904",Beleza,1487,148734,-405949.05
"TV 534",Eletrônicos,1487,134599,-135702.9
"Condicionador 130",Beleza,1486,148734,-259083.72
"Shampoo 524",Beleza,1486,148734,-91559.75
"História 636",Livros,1486,190052,-32752.46
"Jogo de tabuleiro 657",Brinquedos,1486,157064,-9225.46
"Cortina 318","Casa e Jardim",1485,149160,-4879.71
"Calça 760",Roupas,1485,158263,-528423.68
"Macarrão 499",Alimentos,1484,135868,-498012.21
"Ficção Científica 224",Livros,1483,190052,-191449.83
"Tênis de corrida 898",Esportes,1483,144928,1168.4
"Biografia 825",Livros,1482,190052,-35806.32
"Tapete 719","Casa e Jardim",1481,149160,-422718.1
"Cama 868",Móveis,1481,142063,-75305.81
"Feijão 200",Alimentos,1481,135868,-138919.66
"Lâmpada 814","Casa e Jardim",1481,149160,-360841.55
"Arroz 512",Alimentos,1481,135868,-206435.81
"Sofá 649",Móveis,1481,142063,45998.59
"Cadeira 517",Móveis,1481,142063,-213628.99
"Biografia 227",Livros,1481,190052,31697.34
"Frango 206",Alimentos,1480,135868,-563082.88
"Câmera 270",Eletrônicos,1480,134599,-135222.05
"Carne 548",Alimentos,1479,135868,-250538.71
"Bola de futebol 184",Esportes,1479,144928,49928.94
"Boneca 445",Brinquedos,1479,157064,-146422.63
"Carrinho 226",Brinquedos,1478,157064,-84900.62
"Lâmpada 152","Casa e Jardim",1478,149160,-542613.87
"Martelo 412",Ferramentas,1478,133253,74080.4
"Smartphone 699",Eletrônicos,1478,134599,-193580.04
"Jaqueta 931",Roupas,1478,158263,-168036.61
"Jogo de tabuleiro 564",Brinquedos,1478,157064,-316867.24
"Bola 347",Brinquedos,1477,157064,6474.21
"Jaqueta 319",Roupas,1477,158263,-575146.97
"Tapete 883","Casa e Jardim",1477,149160,64197.77
"Arroz 498",Alimentos,1477,135868,-364863.12
"Fone de ouvido 702",Eletrônicos,1476,134599,135297.1
"Serra 156",Ferramentas,1476,133253,-163657.02
"Perfume 173",Beleza,1476,148734,141233.4
"Martelo 813",Ferramentas,1476,133253,-497647.04
"Macarrão 374",Alimentos,1476,135868,107736.08
"Tênis de corrida 539",Esportes,1476,144928,-302787.6
"Bola 312",Brinquedos,1476,157064,-420536.01
"Macarrão 577",Alimentos,1476,135868,-258048.22
"Sapato 524",Roupas,1475,158263,122918.23
"Cortina 838","Casa e Jardim",1475,149160,-418277.3
"Vestido 500",Roupas,1475,158263,-36790.93
"Creme hidratante 731",Beleza,1475,148734,-236628.6
"Smartphone 565",Eletrônicos,1475,134599,-391800.75
"Macarrão 218",Alimentos,1475,135868,-100237.95
"Fone de ouvido 509",Eletrônicos,1474,134599,-567759.53
"Fone de ouvido 867",Eletrônicos,1474,134599,-309250.7
"Lâmpada 495","Casa e Jardim",1474,149160,-403589.07
"Arroz 577",Alimentos,1474,135868,-62649.77
"TV 270",Eletrônicos,1474,134599,142765.86
"Camiseta 325",Roupas,1474,158263,-7594.06
"Condicionador 570",Beleza,1474,148734,-452741.73
"Frango 319",Alimentos,1473,135868,935.61
"TV 453",Eletrônicos,1473,134599,-258662.15
"Notebook 857",Eletrônicos,1473,134599,1730.48
"Jogo de tabuleiro 366",Brinquedos,1473,157064,99520.22
"Skate 439",Esportes,1473,144928,-518832.21
"Tênis de corrida 943",Esportes,1473,144928,-312274.37
"Cortina 444","Casa e Jardim",1473,149160,115863.64
"Fone de ouvido 398",Eletrônicos,1473,134599,-418843.76
"Macarrão 783",Alimentos,1473,135868,-551256.1
"Lâmpada 482","Casa e Jardim",1473,149160,-536749.02
"Fone de ouvido 167",Eletrônicos,1472,134599,-309648.65
"Vaso de planta 490","Casa e Jardim",1472,149160,-19564.59
"Condicionador 367",Beleza,1472,148734,-61910.84
"Boneca 682",Brinquedos,1472,157064,123750.42
"Boneca 176",Brinquedos,1472,157064,-482671.64
"Serra 960",Ferramentas,1472,133253,-468453.59
"História 663",Livros,1471,190052,-389322.48
"Arroz 451",Alimentos,1471,135868,44433.79
"Biografia 573",Livros,1470,190052,-286376.83
"Tênis de corrida 310",Esportes,1470,144928,-546879.6
"Macarrão 303",Alimentos,1470,135868,-203919.21
"Ficção Científica 388",Livros,1470,190052,-164941.87
"Furadeira 307",Ferramentas,1469,133253,12956.23
"Perfume 143",Beleza,1469,148734,-561311.51
"Frango 702",Alimentos,1469,135868,-473411.73
"Sapato 806",Roupas,1469,158263,-1366.31
"Vestido 551",Roupas,1468,158263,-244668.49
"Guarda-roupa 420",Móveis,1468,142063,-429005.72
"Bola 385",Brinquedos,1468,157064,68260.07
"Carne 666",Alimentos,1467,135868,-33605.58
"Mesa 662",Móveis,1467,142063,-189599.08
"Bola 436",Brinquedos,1467,157064,-251116.67
"Sofá 827",Móveis,1467,142063,-79145.94
"Lâmpada 700","Casa e Jardim",1467,149160,-548615.53
"Furadeira 568",Ferramentas,1467,133253,-542345.81
"Sofá 248",Móveis,1466,142063,-443445.4
"Vestido 496",Roupas,1465,158263,-183350.27
"Sofá 766",Móveis,1465,142063,-272332.13
"Arroz 402",Alimentos,1464,135868,-310138.35
"Feijão 218",Alimentos,1464,135868,-533424.67
"Boneca 880",Brinquedos,1464,157064,-377082.05
"Jogo de tabuleiro 924",Brinquedos,1464,157064,6840.08
"Camiseta 229",Roupas,1464,158263,-104951.44
"Sofá 409",Móveis,1463,142063,-23280.88
"Vaso de planta 207","Casa e Jardim",1463,149160,-449901.2
"História 347",Livros,1463,190052,-306090.85
"Jaqueta 946",Roupas,1463,158263,-234985.34
"Calça 281",Roupas,1463,158263,-313194.36
"Câmera 856",Eletrônicos,1463,134599,-429107.4
"Raquete de tênis 403",Esportes,1462,144928,-113490.98
"Jogo de ferramentas 928","Casa e Jardim",1462,149160,-530681.13
"Carrinho 924",Brinquedos,1462,157064,-281346.98
"Carrinho 972",Brinquedos,1462,157064,-99268.31
"Perfume 762",Beleza,1461,148734,-542033.58
"Fone de ouvido 665",Eletrônicos,1461,134599,-551316.32
"Arroz 237",Alimentos,1460,135868,-144667.65
"Skate 771",Esportes,1460,144928,-60341.89
"Jogo de tabuleiro 562",Brinquedos,1460,157064,-539150.09
"Carrinho 702",Brinquedos,1460,157064,-563006.23
"Lâmpada 467","Casa e Jardim",1460,149160,-287165.85
"Skate 645",Esportes,1459,144928,-921.85
"Jogo de tabuleiro 143",Brinquedos,1459,157064,97354.58
"Tapete 876","Casa e Jardim",1459,149160,-244883.74
"Carne 330",Alimentos,1459,135868,-396869.86
"Alicate 843",Ferramentas,1459,133253,60798.99
"Serra 717",Ferramentas,1458,133253,-102371.91
"Guarda-roupa 556",Móveis,1458,142063,-470533.75
"Vaso de planta 152","Casa e Jardim",1458,149160,-1037.01
"Cama 197",Móveis,1458,142063,-75461.99
"Cadeira 799",Móveis,1458,142063,-565740.54
"Lâmpada 983","Casa e Jardim",1458,149160,-96506.29
"Jogo de ferramentas 385","Casa e Jardim",1458,149160,-72189.09
"TV 982",Eletrônicos,1457,134599,-545646.99
"Vestido 719",Roupas,1456,158263,-141001.67
"Camiseta 385",Roupas,1456,158263,-164810.33
"Shampoo 749",Beleza,1456,148734,-431706.29
"Bicicleta 182",Brinquedos,1456,157064,-518250.55
"Infantil 820",Livros,1455,190052,-211727.48
"Bola 435",Brinquedos,1455,157064,76496.11
"Smartphone 730",Eletrônicos,1455,134599,-289903.36
"Tapete 832","Casa e Jardim",1454,149160,-425863.12
"Arroz 289",Alimentos,1454,135868,61936.94
"Infantil 449",Livros,1454,190052,-461319.51
"Infantil 592",Livros,1454,190052,-399305.27
"Calça 319",Roupas,1454,158263,-574209.79
"Creme hidratante 837",Beleza,1454,148734,-521058.42
"Bola 248",Brinquedos,1453,157064,-139296.68
"Skate 822",Esportes,1453,144928,-354255.3
"Sofá 416",Móveis,1453,142063,-292733.72
"Cama 589",Móveis,1453,142063,-117846.74
"Mesa 792",Móveis,1453,142063,-361738.49
"Biografia 673",Livros,1453,190052,-213693.22
"Frango 470",Alimentos,1453,135868,-458772.64
"Smartphone 103",Eletrônicos,1452,134599,-10377.35
"Carne 391",Alimentos,1452,135868,107963.72
"Bicicleta 651",Brinquedos,1452,157064,32835.07
"Carrinho 645",Brinquedos,1451,157064,-397225.25
"Serra 723",Ferramentas,1451,133253,-422364.67
"Infantil 452",Livros,1450,190052,136048.74
"Martelo 463",Ferramentas,1450,133253,-142174.93
"Notebook 955",Eletrônicos,1449,134599,-55173.52
"Sapato 930",Roupas,1449,158263,-470463.68
"Smartphone 400",Eletrônicos,1449,134599,-102527.17
"Furadeira 352",Ferramentas,1449,133253,-368264.96
"Bola 973",Brinquedos,1448,157064,-451019.15
"Câmera 332",Eletrônicos,1448,134599,-342906.28
"Arroz 286",Alimentos,1448,135868,-184152.82
"Serra 754",Ferramentas,1448,133253,-524198.88
"Chave de fenda 496",Ferramentas,1447,133253,-172947.1
"Jogo de ferramentas 652","Casa e Jardim",1447,149160,-82604.9
"Biografia 167",Livros,1447,190052,-293650.57
"Bola de futebol 113",Esportes,1447,144928,85686.67
"Romance 875",Livros,1447,190052,-369061.21
"Smartphone 688",Eletrônicos,1446,134599,-456027.25
"Macarrão 728",Alimentos,1446,135868,-102686.35
"Sofá 448",Móveis,1446,142063,-234088.37
"História 910",Livros,1446,190052,-262375
"Carrinho 946",Brinquedos,1445,157064,-100448.89
"Jaqueta 961",Roupas,1445,158263,-536222.62
"Alicate 517",Ferramentas,1445,133253,-201959.11
"História 652",Livros,1444,190052,-185897.36
"Camisa de time 116",Esportes,1443,144928,-212952.39
"Guarda-roupa 895",Móveis,1443,142063,-566485.97
"Cortina 740","Casa e Jardim",1443,149160,-336010.19
"Bicicleta 971",Brinquedos,1442,157064,-3610.99
"Carrinho 866",Brinquedos,1441,157064,-335858.95
"Tapete 684","Casa e Jardim",1441,149160,-165265.44
"Boneca 281",Brinquedos,1441,157064,-110487.14
"Bola de futebol 508",Esportes,1441,144928,-103065.4
"Bola 979",Brinquedos,1441,157064,-477276.45
"Cama 947",Móveis,1440,142063,-120900.51
"Sapato 611",Roupas,1439,158263,145376.48
"Cama 101",Móveis,1439,142063,-476670.92
"Vestido 668",Roupas,1439,158263,-439698.67
"Bicicleta 826",Brinquedos,1439,157064,-511470.63
"Carne 722",Alimentos,1439,135868,-218116.48
"Chave de fenda 180",Ferramentas,1439,133253,-485941.2
"Martelo 280",Ferramentas,1439,133253,-101103.36
"Guarda-roupa 464",Móveis,1439,142063,45743.77
"Lâmpada 758","Casa e Jardim",1439,149160,-210076.02
"Notebook 985",Eletrônicos,1438,134599,-267645.64
"Vaso de planta 808","Casa e Jardim",1438,149160,-368661.61
"Jaqueta 735",Roupas,1437,158263,-541576.17
"Calça 290",Roupas,1437,158263,-43323.39
"Frango 298",Alimentos,1436,135868,49144.84
"Infantil 981",Livros,1436,190052,-540208.06
"Skate 577",Esportes,1436,144928,-248692.2
"Vaso de planta 344","Casa e Jardim",1436,149160,-264839.47
"Macarrão 882",Alimentos,1435,135868,-65691.12
"Ficção Científica 736",Livros,1435,190052,-153363.36
"Câmera 799",Eletrônicos,1435,134599,-81287.42
"Alicate 942",Ferramentas,1434,133253,118592.83
"Jogo de ferramentas 190","Casa e Jardim",1433,149160,4557.3
"Camisa de time 415",Esportes,1433,144928,-53554.79
"Boneca 470",Brinquedos,1433,157064,89144.74
"Chave de fenda 723",Ferramentas,1433,133253,59201.94
"Creme hidratante 649",Beleza,1432,148734,-397653.88
"Mesa 373",Móveis,1431,142063,-75935.98
"Jogo de ferramentas 962","Casa e Jardim",1431,149160,-355811.12
"Maquiagem 603",Beleza,1431,148734,-385041.07
"Perfume 426",Beleza,1430,148734,-37411.69
"Raquete de tênis 322",Esportes,1430,144928,-496850.42
"Chave de fenda 286",Ferramentas,1430,133253,-1522.32
"Romance 640",Livros,1430,190052,-207937.11
"Perfume 882",Beleza,1428,148734,-185103.52
"Cortina 452","Casa e Jardim",1427,149160,-148738.81
"Perfume 770",Beleza,1426,148734,-293776.14
"Câmera 427",Eletrônicos,1426,134599,41434.35
"Bola de futebol 805",Esportes,1426,144928,-48954.32
"Camisa de time 666",Esportes,1426,144928,-539284.68
"Jogo de ferramentas 700","Casa e Jardim",1425,149160,-187067.78
"Furadeira 775",Ferramentas,1425,133253,32358.48
"Feijão 389",Alimentos,1424,135868,-337563.18
"Camiseta 901",Roupas,1424,158263,109466.33
"Skate 557",Esportes,1424,144928,-515576.29
"Skate 846",Esportes,1424,144928,-10016.33
"Chave de fenda 564",Ferramentas,1423,133253,-396601.05
"Câmera 457",Eletrônicos,1423,134599,-498754.49
"Cortina 822","Casa e Jardim",1423,149160,-122845.93
"Macarrão 725",Alimentos,1423,135868,-285694.41
"Arroz 618",Alimentos,1423,135868,-126029.72
"Furadeira 532",Ferramentas,1423,133253,-188885.05
"Sapato 389",Roupas,1422,158263,-26166.53
"Cortina 748","Casa e Jardim",1422,149160,-60326.97
"Ficção Científica 157",Livros,1422,190052,-458670.16
"Tênis de corrida 881",Esportes,1422,144928,-183644.1
"Creme hidratante 730",Beleza,1421,148734,-439950.47
"Vestido 387",Roupas,1421,158263,-101847.08
"História 475",Livros,1421,190052,-511292.58
"Martelo 973",Ferramentas,1420,133253,-65111.9
"Tênis de corrida 608",Esportes,1420,144928,-263612.35
"Camiseta 306",Roupas,1419,158263,-354035.81
"Feijão 568",Alimentos,1419,135868,-444671.84
"Tênis de corrida 922",Esportes,1418,144928,-217491.88
"Condicionador 304",Beleza,1418,148734,-36469.06
"Cadeira 855",Móveis,1418,142063,-150900.84
"Infantil 655",Livros,1417,190052,125806.85
"Skate 861",Esportes,1417,144928,-396972.19
"Sapato 434",Roupas,1417,158263,-29034.64
"Raquete de tênis 376",Esportes,1417,144928,-14521.83
"Creme hidratante 958",Beleza,1416,148734,-412159.01
"Frango 876",Alimentos,1416,135868,-41620.02
"Tapete 642","Casa e Jardim",1416,149160,-524081.8
"Skate 293",Esportes,1415,144928,-270678.24
"Arroz 485",Alimentos,1415,135868,90600.2
"História 775",Livros,1414,190052,123213.53
"Bicicleta 453",Brinquedos,1414,157064,-34970.77
"Lâmpada 697","Casa e Jardim",1414,149160,-489647.07
"Camisa de time 962",Esportes,1414,144928,134841.27
"Calça 691",Roupas,1412,158263,-210585.55
"Furadeira 679",Ferramentas,1412,133253,68066.33
"Chave de fenda 266",Ferramentas,1411,133253,19554.45
"Cama 382",Móveis,1410,142063,128062.44
"Sapato 255",Roupas,1410,158263,-431478.16
"Cortina 896","Casa e Jardim",1410,149160,-200525.95
"Tênis de corrida 523",Esportes,1410,144928,-437899.26
"Bicicleta 998",Brinquedos,1410,157064,-345754.07
"Creme hidratante 453",Beleza,1409,148734,-153049.12
"Sofá 618",Móveis,1408,142063,-420030.65
"Condicionador 700",Beleza,1408,148734,-259205.38
"Raquete de tênis 511",Esportes,1408,144928,-273704.52
"Vaso de planta 568","Casa e Jardim",1408,149160,-450970.03
"Shampoo 113",Beleza,1406,148734,-89789.19
"Vaso de planta 261","Casa e Jardim",1406,149160,44617.93
"Chave de fenda 250",Ferramentas,1406,133253,60274.82
"Alicate 284",Ferramentas,1406,133253,-474621.36
"Martelo 590",Ferramentas,1405,133253,-540496.61
"Câmera 914",Eletrônicos,1404,134599,-117366.02
"Serra 224",Ferramentas,1404,133253,-492620.57
"Boneca 955",Brinquedos,1403,157064,-398159.1
"Mesa 329",Móveis,1403,142063,-200294
"Skate 999",Esportes,1403,144928,-302187.38
"Raquete de tênis 528",Esportes,1402,144928,-505561.98
"Frango 534",Alimentos,1402,135868,55085.97
"Calça 458",Roupas,1401,158263,36780.3
"Chave de fenda 896",Ferramentas,1401,133253,-533898.12
"Martelo 944",Ferramentas,1401,133253,106675.49
"Cama 352",Móveis,1401,142063,-233212.41
"Carrinho 159",Brinquedos,1399,157064,-297340.99
"Infantil 371",Livros,1398,190052,-55112.31
"Bola de futebol 562",Esportes,1398,144928,-187635.14
"Condicionador 227",Beleza,1398,148734,-103780.21
"Biografia 407",Livros,1398,190052,-301484.62
"Cortina 401","Casa e Jardim",1398,149160,-527116.71
"Vaso de planta 237","Casa e Jardim",1398,149160,-508312.15
"TV 434",Eletrônicos,1397,134599,-183497.12
"Boneca 500",Brinquedos,1397,157064,59140.68
"Cortina 856","Casa e Jardim",1397,149160,-210033.64
"Calça 643",Roupas,1397,158263,-211295.57
"Mesa 829",Móveis,1396,142063,-129664.76
"Sapato 504",Roupas,1396,158263,-101523.53
"Cama 202",Móveis,1396,142063,-298896.69
"Perfume 413",Beleza,1396,148734,-2866.37
"Condicionador 172",Beleza,1396,148734,69573.24
"Condicionador 437",Beleza,1396,148734,17096.9
"Raquete de tênis 322",Esportes,1396,144928,-522900.87
"Creme hidratante 338",Beleza,1396,148734,-305086.18
"Notebook 938",Eletrônicos,1395,134599,-313081.32
"Camiseta 900",Roupas,1395,158263,-509338.96
"Alicate 700",Ferramentas,1395,133253,-22662.36
"Romance 110",Livros,1394,190052,-178958.93
"Frango 325",Alimentos,1394,135868,-527006.91
"Furadeira 812",Ferramentas,1393,133253,68434.38
"Bola de futebol 355",Esportes,1393,144928,-228853.09
"Cortina 351","Casa e Jardim",1393,149160,-332348.47
"Bola 117",Brinquedos,1392,157064,-343534.58
"Cortina 432","Casa e Jardim",1392,149160,44839.78
"Vestido 164",Roupas,1392,158263,-76776.44
"Biografia 871",Livros,1392,190052,-255127.24
"Infantil 258",Livros,1391,190052,-377331.76
"Jaqueta 875",Roupas,1391,158263,-186901.53
"Skate 443",Esportes,1390,144928,-173017.29
"Furadeira 626",Ferramentas,1390,133253,-286681.32
"Creme hidratante 904",Beleza,1389,148734,-374604.25
"Boneca 562",Brinquedos,1389,157064,-2229.61
"Sofá 352",Móveis,1389,142063,110567.59
"Guarda-roupa 558",Móveis,1389,142063,-266321.35
"Tênis de corrida 196",Esportes,1388,144928,-207483.26
"Vestido 382",Roupas,1388,158263,-481836.28
"Sofá 552",Móveis,1387,142063,-326096.35
"Carne 600",Alimentos,1386,135868,-317642.5
"Ficção Científica 432",Livros,1385,190052,41631.39
"Jogo de ferramentas 545","Casa e Jardim",1384,149160,-392001.94
"Vestido 498",Roupas,1384,158263,-485484.81
"Ficção Científica 582",Livros,1383,190052,-480817.72
"Smartphone 784",Eletrônicos,1383,134599,-234632.37
"História 891",Livros,1382,190052,-435501.17
"Cadeira 761",Móveis,1382,142063,-96604.3
"Jogo de tabuleiro 984",Brinquedos,1381,157064,8142.23
"Ficção Científica 241",Livros,1381,190052,-476369.04
"Raquete de tênis 426",Esportes,1380,144928,-234011.87
"Cama 420",Móveis,1380,142063,-20933.75
"Jogo de tabuleiro 563",Brinquedos,1380,157064,-122548.34
"Arroz 133",Alimentos,1379,135868,-517961.58
"Carrinho 308",Brinquedos,1379,157064,-356628.37
"Cadeira 229",Móveis,1379,142063,32772.3
"Jogo de tabuleiro 309",Brinquedos,1379,157064,-423293.15
"Camisa de time 668",Esportes,1379,144928,84115.78
"Tênis de corrida 233",Esportes,1378,144928,-56641.69
"Frango 454",Alimentos,1378,135868,-300525.76
"Raquete de tênis 927",Esportes,1377,144928,-435042.97
"Cadeira 461",Móveis,1377,142063,-534323.75
"Creme hidratante 802",Beleza,1377,148734,99208.92
"Shampoo 529",Beleza,1376,148734,-77802.88
"Creme hidratante 106",Beleza,1376,148734,74418.32
"História 921",Livros,1376,190052,63707.53
"Sofá 881",Móveis,1375,142063,93115.27
"Shampoo 397",Beleza,1374,148734,124655.26
"Bola de futebol 939",Esportes,1374,144928,97468.59
"Bola 933",Brinquedos,1374,157064,15398.49
"Macarrão 146",Alimentos,1373,135868,-335374.86
"Guarda-roupa 720",Móveis,1373,142063,-327044.04
"História 483",Livros,1373,190052,-78577.54
"Camisa de time 917",Esportes,1373,144928,-32180.22
"Sapato 399",Roupas,1372,158263,-483110.93
"Feijão 160",Alimentos,1371,135868,-299327.73
"Bola 206",Brinquedos,1371,157064,-322680.4
"Infantil 746",Livros,1371,190052,-326806.37
"Infantil 902",Livros,1370,190052,-431496.58
"Skate 567",Esportes,1370,144928,-382485.38
"Smartphone 920",Eletrônicos,1369,134599,-215428.36
"Romance 350",Livros,1368,190052,-438220.21
"Camisa de time 357",Esportes,1368,144928,-113171.97
"Bicicleta 581",Brinquedos,1366,157064,-484903.52
"História 707",Livros,1365,190052,-281638.96
"Biografia 506",Livros,1365,190052,-372063.88
"Cama 270",Móveis,1363,142063,-423026.77
"Macarrão 593",Alimentos,1363,135868,-69827.23
"Biografia 201",Livros,1363,190052,-365656.61
"História 375",Livros,1363,190052,-392287.7
"TV 555",Eletrônicos,1362,134599,46372.29
"Tênis de corrida 327",Esportes,1362,144928,-183331.46
"Jogo de ferramentas 627","Casa e Jardim",1361,149160,-78661.43
"Shampoo 422",Beleza,1360,148734,-113779.12
"Skate 171",Esportes,1359,144928,-533336.15
"Perfume 451",Beleza,1359,148734,-507299.19
"Camisa de time 765",Esportes,1358,144928,-525911.66
"Camisa de time 385",Esportes,1358,144928,-243280.1
"Mesa 772",Móveis,1356,142063,-310251.26
"Calça 400",Roupas,1355,158263,-222376.95
"Raquete de tênis 292",Esportes,1355,144928,37252.39
"Alicate 722",Ferramentas,1353,133253,-358107.77
"Serra 315",Ferramentas,1353,133253,-509043.36
"Ficção Científica 721",Livros,1352,190052,115371.42
"Furadeira 525",Ferramentas,1352,133253,-270978.47
"Raquete de tênis 194",Esportes,1351,144928,-183936.79
"Camiseta 175",Roupas,1351,158263,28168.61
"Romance 139",Livros,1349,190052,-264395.39
"Bicicleta 777",Brinquedos,1347,157064,19518.87
"Fone de ouvido 484",Eletrônicos,1347,134599,-438398.34
"Sapato 481",Roupas,1346,158263,20022.63
"Cama 111",Móveis,1346,142063,-368237.26
"Camisa de time 798",Esportes,1345,144928,-241810.04
"Câmera 140",Eletrônicos,1345,134599,-150048.95
"Smartphone 705",Eletrônicos,1344,134599,55472.09
"Chave de fenda 658",Ferramentas,1343,133253,-257629.87
"Condicionador 788",Beleza,1343,148734,43505.32
"Maquiagem 584",Beleza,1340,148734,-212136.83
"Cortina 307","Casa e Jardim",1340,149160,-311044.59
"Furadeira 734",Ferramentas,1340,133253,-308303.1
"Camisa de time 902",Esportes,1339,144928,-166050.47
"Bicicleta 283",Brinquedos,1339,157064,-213744.98
"Arroz 218",Alimentos,1335,135868,-95832.88
"Jogo de tabuleiro 409",Brinquedos,1333,157064,-371687.68
"Raquete de tênis 258",Esportes,1333,144928,-124450.58
"Calça 461",Roupas,1331,158263,-274233.41
"Sapato 304",Roupas,1329,158263,-53464.31
"Macarrão 470",Alimentos,1329,135868,-92718.97
"Boneca 945",Brinquedos,1329,157064,-522115.18
"Frango 986",Alimentos,1329,135868,-179638.95
"Feijão 172",Alimentos,1328,135868,-383844.96
"Cama 486",Móveis,1328,142063,-61005.62
"Romance 623",Livros,1326,190052,-523605.51
"Maquiagem 441",Beleza,1326,148734,-116032.35
"Guarda-roupa 465",Móveis,1325,142063,-39923.79
"Bicicleta 655",Brinquedos,1323,157064,-92373.61
"Biografia 945",Livros,1322,190052,-361063.96
"TV 154",Eletrônicos,1321,134599,-321350.96
"Ficção Científica 747",Livros,1320,190052,104019.06
"Creme hidratante 728",Beleza,1320,148734,-412929.63
"Ficção Científica 624",Livros,1320,190052,-140597.97
"Cadeira 921",Móveis,1320,142063,-180394.77
"Sofá 895",Móveis,1318,142063,118509.64
"Lâmpada 739","Casa e Jardim",1318,149160,112675.51
"Fone de ouvido 885",Eletrônicos,1318,134599,-367017.45
"Vestido 410",Roupas,1317,158263,-385117.16
"Feijão 704",Alimentos,1316,135868,69095.4
"Frango 884",Alimentos,1315,135868,-356429.2
"Notebook 535",Eletrônicos,1315,134599,-32383.86
"Carrinho 288",Brinquedos,1315,157064,-492108.82
"Vestido 318",Roupas,1313,158263,-346830.11
"Biografia 838",Livros,1313,190052,-132381.47
"Vestido 268",Roupas,1309,158263,-427634.62
"Boneca 387",Brinquedos,1308,157064,106014.65
"Tênis de corrida 450",Esportes,1306,144928,-191188.18
"Calça 769",Roupas,1306,158263,-132940.98
"Boneca 130",Brinquedos,1305,157064,-114825.58
"Perfume 207",Beleza,1303,148734,-421756.15
"Skate 745",Esportes,1302,144928,-360490.79
"Biografia 300",Livros,1302,190052,92491.08
"Calça 483",Roupas,1299,158263,-74938.34
"Cortina 186","Casa e Jardim",1297,149160,-315165.96
"Fone de ouvido 803",Eletrônicos,1295,134599,-414557.13
"Sapato 658",Roupas,1292,158263,-448563.25
"Camiseta 187",Roupas,1288,158263,-451374.84
"História 426",Livros,1275,190052,-415802.75
"Macarrão 438",Alimentos,1274,135868,-389077.42
"Furadeira 806",Ferramentas,1272,133253,-429610.36
"Camiseta 841",Roupas,1271,158263,-45999.82
"Bola de futebol 702",Esportes,1270,144928,-167943.7
"Jogo de tabuleiro 897",Brinquedos,1267,157064,-475288.63
"Ficção Científica 167",Livros,1264,190052,-456779.17
"Romance 700",Livros,1263,190052,116466.7
"Bola de futebol 611",Esportes,1259,144928,-160611.99
"Fone de ouvido 577",Eletrônicos,1256,134599,-312473.89
"Maquiagem 137",Beleza,1256,148734,-298795.5
"Smartphone 376",Eletrônicos,1245,134599,-77851.87
"História 122",Livros,1243,190052,-381400.89
"Mesa 802",Móveis,1243,142063,-394206.99
"Lâmpada 288","Casa e Jardim",1238,149160,-155676.5
"Calça 863",Roupas,1236,158263,-389719.73
"Furadeira 835",Ferramentas,1236,133253,-213208.51
"Câmera 686",Eletrônicos,1232,134599,-52994.94
"Skate 564",Esportes,1175,144928,-203422.75
"Sofá 717",Móveis,1157,142063,52519.77
